timestamp,avg,min_v,max_v,stddev_v
"2022-12-19T00:00:00Z","51.9","51.8","52.1","null"
"2022-12-18T23:45:00Z","51.6","51.4","51.7","null"
"2022-12-18T23:30:00Z","51.3","51.2","51.4","null"
"2022-12-18T23:15:00Z","51.2","51.2","51.3","null"
"2022-12-18T23:00:00Z","51.4","51.3","51.6","null"
"2022-12-18T22:45:00Z","51.0","50.7","51.2","null"
"2022-12-18T22:30:00Z","50.7","50.6","50.8","null"
"2022-12-18T22:15:00Z","50.7","50.6","50.8","null"
"2022-12-18T22:00:00Z","50.5","50.3","50.7","null"
"2022-12-18T21:45:00Z","50.7","50.3","50.9","null"
"2022-12-18T21:30:00Z","50.9","50.4","51.4","null"
"2022-12-18T21:15:00Z","51.5","51.3","51.7","null"
"2022-12-18T21:00:00Z","51.6","51.2","51.9","null"
"2022-12-18T20:45:00Z","51.0","50.8","51.2","null"
"2022-12-18T20:30:00Z","50.5","50.3","50.7","null"
"2022-12-18T20:15:00Z","50.0","49.8","50.2","null"
"2022-12-18T20:00:00Z","49.4","49.1","49.7","null"
"2022-12-18T19:45:00Z","48.8","48.7","48.9","null"
"2022-12-18T19:30:00Z","48.6","48.4","48.8","null"
"2022-12-18T19:15:00Z","47.9","47.6","48.3","null"
"2022-12-18T19:00:00Z","47.6","47.4","47.7","null"
"2022-12-18T18:45:00Z","47.0","46.4","47.6","null"
"2022-12-18T18:30:00Z","46.7","46.3","47.1","null"
"2022-12-18T18:15:00Z","47.8","47.2","48.4","null"
"2022-12-18T18:00:00Z","48.6","48.3","48.9","null"
"2022-12-18T17:45:00Z","48.9","48.7","49.1","null"
"2022-12-18T17:30:00Z","48.6","48.4","48.8","null"
"2022-12-18T17:15:00Z","49.4","48.9","49.9","null"
"2022-12-18T17:00:00Z","49.7","49.6","49.8","null"
"2022-12-18T16:45:00Z","49.5","49.3","49.7","null"
"2022-12-18T16:30:00Z","48.7","48.2","49.2","null"
"2022-12-18T16:15:00Z","48.4","47.9","48.9","null"
"2022-12-18T16:00:00Z","49.4","49.1","49.7","null"
"2022-12-18T15:45:00Z","49.8","49.7","49.8","null"
"2022-12-18T15:30:00Z","49.2","48.9","49.6","null"
"2022-12-18T15:15:00Z","48.2","47.7","48.8","null"
"2022-12-18T15:00:00Z","47.8","47.7","47.8","null"
"2022-12-18T14:45:00Z","47.9","47.8","48.1","null"
"2022-12-18T14:30:00Z","49.2","48.2","50.2","null"
"2022-12-18T14:15:00Z","50.2","50.2","50.3","null"
"2022-12-18T14:00:00Z","50.2","50.1","50.3","null"
"2022-12-18T13:45:00Z","49.6","49.3","49.9","null"
"2022-12-18T13:30:00Z","49.5","49.3","49.6","null"
"2022-12-18T13:15:00Z","48.9","48.6","49.2","null"
"2022-12-18T13:00:00Z","49.1","48.4","49.6","null"
"2022-12-18T12:45:00Z","49.1","48.9","49.2","null"
"2022-12-18T12:30:00Z","49.2","49.1","49.3","null"
"2022-12-18T12:15:00Z","49.5","49.4","49.6","null"
"2022-12-18T12:00:00Z","49.3","49.2","49.4","null"
"2022-12-18T11:45:00Z","49.5","49.1","49.9","null"
"2022-12-18T11:30:00Z","49.6","49.3","50.1","null"
"2022-12-18T11:15:00Z","49.7","49.4","49.9","null"
"2022-12-18T11:00:00Z","48.8","48.3","49.3","null"
"2022-12-18T10:45:00Z","47.9","47.6","48.2","null"
"2022-12-18T10:30:00Z","49.3","48.2","50.4","null"
"2022-12-18T10:15:00Z","50.1","49.7","50.6","null"
"2022-12-18T10:00:00Z","50.3","50.1","50.6","null"
"2022-12-18T09:45:00Z","50.2","49.9","50.4","null"
"2022-12-18T09:30:00Z","49.3","48.8","49.8","null"
"2022-12-18T09:15:00Z","50.1","49.4","50.7","null"
"2022-12-18T09:00:00Z","51.3","50.6","52.1","null"
"2022-12-18T08:45:00Z","52.9","52.2","53.7","null"
"2022-12-18T08:30:00Z","54.1","53.8","54.4","null"
"2022-12-18T08:15:00Z","54.5","54.4","54.6","null"
"2022-12-18T08:00:00Z","54.2","53.9","54.3","null"
"2022-12-18T07:45:00Z","54.8","54.4","55.2","null"
"2022-12-18T07:30:00Z","55.2","54.9","55.4","null"
"2022-12-18T07:15:00Z","55.2","54.9","55.6","null"
"2022-12-18T07:00:00Z","55.8","55.6","55.9","null"
"2022-12-18T06:30:00Z","56.0","55.9","56.1","null"
"2022-12-18T06:15:00Z","55.9","55.9","55.9","null"
"2022-12-18T06:00:00Z","56.0","55.9","56.1","null"
"2022-12-18T05:45:00Z","56.0","55.9","56.1","null"
"2022-12-18T05:30:00Z","56.2","55.8","56.6","null"
"2022-12-18T05:15:00Z","56.7","56.7","56.7","null"
"2022-12-18T04:45:00Z","56.6","56.6","56.6","null"
"2022-12-18T04:30:00Z","56.3","56.1","56.4","null"
"2022-12-18T04:15:00Z","56.4","56.3","56.6","null"
"2022-12-18T04:00:00Z","56.6","56.6","56.6","null"
"2022-12-18T03:45:00Z","56.4","56.3","56.4","null"
"2022-12-18T03:30:00Z","55.9","55.6","56.2","null"
"2022-12-18T03:15:00Z","55.4","55.3","55.4","null"
"2022-12-18T03:00:00Z","55.4","55.4","55.4","null"
"2022-12-18T02:15:00Z","55.5","55.4","55.6","null"
"2022-12-18T02:00:00Z","55.2","54.8","55.4","null"
"2022-12-18T01:45:00Z","54.8","54.6","55.1","null"
"2022-12-18T01:30:00Z","54.8","54.7","54.8","null"
"2022-12-18T01:15:00Z","54.4","54.3","54.6","null"
"2022-12-18T01:00:00Z","54.1","53.9","54.2","null"
"2022-12-18T00:45:00Z","53.8","53.7","53.8","null"
"2022-12-18T00:30:00Z","53.7","53.6","53.8","null"
"2022-12-18T00:15:00Z","53.4","53.3","53.6","null"
"2022-12-18T00:00:00Z","53.3","53.2","53.4","null"
"2022-12-17T23:45:00Z","53.5","53.3","53.7","null"
"2022-12-17T23:30:00Z","53.7","53.6","53.8","null"
"2022-12-17T23:15:00Z","53.3","53.2","53.4","null"
"2022-12-17T23:00:00Z","52.9","52.8","53.1","null"
"2022-12-17T22:45:00Z","52.3","51.9","52.7","null"
"2022-12-17T22:30:00Z","52.8","52.6","52.9","null"
"2022-12-17T22:15:00Z","52.6","52.4","52.7","null"
"2022-12-17T22:00:00Z","52.3","52.3","52.3","null"
"2022-12-17T21:45:00Z","52.4","52.2","52.6","null"
"2022-12-17T21:30:00Z","52.1","51.8","52.3","null"
"2022-12-17T21:15:00Z","52.5","52.1","52.9","null"
"2022-12-17T21:00:00Z","53.1","53.1","53.1","null"
"2022-12-17T20:45:00Z","53.0","52.9","53.1","null"
"2022-12-17T20:30:00Z","52.6","52.4","52.8","null"
"2022-12-17T20:15:00Z","52.6","52.6","52.7","null"
"2022-12-17T20:00:00Z","52.8","52.8","52.8","null"
"2022-12-17T19:45:00Z","52.8","52.7","52.8","null"
"2022-12-17T19:30:00Z","52.6","52.4","52.7","null"
"2022-12-17T19:15:00Z","52.2","52.1","52.3","null"
"2022-12-17T19:00:00Z","51.6","51.3","51.9","null"
"2022-12-17T18:45:00Z","51.4","51.2","51.6","null"
"2022-12-17T18:30:00Z","51.6","51.4","51.8","null"
"2022-12-17T18:15:00Z","51.9","51.8","51.9","null"
"2022-12-17T18:00:00Z","51.4","51.2","51.7","null"
"2022-12-17T17:45:00Z","50.7","50.1","51.3","null"
"2022-12-17T17:30:00Z","52.0","51.4","52.6","null"
"2022-12-17T17:15:00Z","52.1","51.8","52.4","null"
"2022-12-17T17:00:00Z","52.0","51.7","52.3","null"
"2022-12-17T16:45:00Z","51.9","51.7","52.1","null"
"2022-12-17T16:30:00Z","51.8","51.7","51.8","null"
"2022-12-17T16:15:00Z","51.6","51.6","51.7","null"
"2022-12-17T16:00:00Z","51.2","51.1","51.4","null"
"2022-12-17T15:45:00Z","50.7","50.4","50.9","null"
"2022-12-17T15:30:00Z","49.9","49.4","50.3","null"
"2022-12-17T15:15:00Z","50.3","49.9","50.8","null"
"2022-12-17T15:00:00Z","51.4","50.9","51.9","null"
"2022-12-17T14:45:00Z","51.9","51.8","52.1","null"
"2022-12-17T14:30:00Z","51.9","51.7","52.1","null"
"2022-12-17T14:15:00Z","52.7","52.2","53.1","null"
"2022-12-17T14:00:00Z","52.1","51.8","52.4","null"
"2022-12-17T13:45:00Z","52.1","52.1","52.2","null"
"2022-12-17T13:30:00Z","52.0","51.9","52.1","null"
"2022-12-17T13:15:00Z","52.2","52.2","52.3","null"
"2022-12-17T13:00:00Z","52.1","51.8","52.4","null"
"2022-12-17T12:45:00Z","51.2","50.7","51.7","null"
"2022-12-17T12:30:00Z","50.3","49.9","50.7","null"
"2022-12-17T12:15:00Z","50.6","50.4","50.8","null"
"2022-12-17T12:00:00Z","50.0","49.8","50.3","null"
"2022-12-17T11:45:00Z","50.0","49.9","50.1","null"
"2022-12-17T11:30:00Z","50.4","50.2","50.7","null"
"2022-12-17T11:15:00Z","50.6","50.4","50.8","null"
"2022-12-17T11:00:00Z","50.4","50.2","50.7","null"
"2022-12-17T10:45:00Z","50.4","50.1","50.7","null"
"2022-12-17T10:30:00Z","50.4","50.2","50.6","null"
"2022-12-17T10:15:00Z","50.5","50.3","50.7","null"
"2022-12-17T10:00:00Z","50.6","50.2","51.1","null"
"2022-12-17T09:45:00Z","50.8","50.6","51.2","null"
"2022-12-17T09:30:00Z","51.4","50.9","51.8","null"
"2022-12-17T09:15:00Z","51.4","51.1","51.7","null"
"2022-12-17T09:00:00Z","51.2","51.1","51.3","null"
"2022-12-17T08:45:00Z","51.4","51.1","51.8","null"
"2022-12-17T08:30:00Z","52.2","51.8","52.7","null"
"2022-12-17T08:15:00Z","53.8","52.8","54.7","null"
"2022-12-17T08:00:00Z","54.7","54.6","54.8","null"
"2022-12-17T07:45:00Z","54.3","54.2","54.4","null"
"2022-12-17T07:30:00Z","53.9","53.6","54.3","null"
"2022-12-17T07:15:00Z","54.4","54.3","54.4","null"
"2022-12-17T07:00:00Z","53.8","53.3","54.3","null"
"2022-12-17T06:45:00Z","53.7","53.4","53.9","null"
"2022-12-17T06:30:00Z","53.6","53.6","53.7","null"
"2022-12-17T06:15:00Z","53.7","53.6","53.8","null"
"2022-12-17T06:00:00Z","53.9","53.8","53.9","null"
"2022-12-17T05:45:00Z","54.1","53.9","54.2","null"
"2022-12-17T05:30:00Z","54.4","53.7","55.2","null"
"2022-12-17T05:15:00Z","55.1","54.9","55.3","null"
"2022-12-17T05:00:00Z","54.5","54.2","54.8","null"
"2022-12-17T04:45:00Z","54.6","54.1","55.2","null"
"2022-12-17T04:30:00Z","55.6","55.3","55.9","null"
"2022-12-17T04:15:00Z","56.0","55.9","56.1","null"
"2022-12-17T04:00:00Z","56.1","55.8","56.3","null"
"2022-12-17T03:45:00Z","56.2","56.2","56.2","null"
"2022-12-17T03:30:00Z","55.8","55.4","56.1","null"
"2022-12-17T03:15:00Z","55.7","55.6","55.8","null"
"2022-12-17T03:00:00Z","55.8","55.7","55.8","null"
"2022-12-17T02:45:00Z","55.7","55.7","55.7","null"
"2022-12-17T02:30:00Z","55.4","55.3","55.6","null"
"2022-12-17T02:15:00Z","55.1","55.1","55.2","null"
"2022-12-17T02:00:00Z","54.9","54.8","55.1","null"
"2022-12-17T01:45:00Z","54.7","54.7","54.7","null"
"2022-12-17T01:30:00Z","54.6","54.6","54.6","null"
"2022-12-17T01:15:00Z","54.4","54.4","54.4","null"
"2022-12-17T01:00:00Z","54.2","54.1","54.3","null"
"2022-12-17T00:45:00Z","53.9","53.8","53.9","null"
"2022-12-17T00:30:00Z","53.6","53.4","53.7","null"
"2022-12-17T00:15:00Z","53.4","53.3","53.4","null"
"2022-12-17T00:00:00Z","53.6","53.6","53.6","null"
"2022-12-16T23:45:00Z","53.3","53.2","53.4","null"
"2022-12-16T23:30:00Z","53.3","53.2","53.4","null"
"2022-12-16T23:15:00Z","52.9","52.8","53.1","null"
"2022-12-16T23:00:00Z","52.8","52.7","52.8","null"
"2022-12-16T22:45:00Z","52.5","52.3","52.7","null"
"2022-12-16T22:30:00Z","52.2","51.9","52.4","null"
"2022-12-16T22:15:00Z","52.0","51.7","52.2","null"
"2022-12-16T22:00:00Z","51.4","51.2","51.6","null"
"2022-12-16T21:45:00Z","51.9","51.3","52.6","null"
"2022-12-16T21:30:00Z","52.4","52.1","52.7","null"
"2022-12-16T21:15:00Z","52.5","52.2","52.7","null"
"2022-12-16T21:00:00Z","52.2","52.2","52.3","null"
"2022-12-16T20:45:00Z","52.2","52.1","52.4","null"
"2022-12-16T20:30:00Z","52.7","52.6","52.8","null"
"2022-12-16T20:15:00Z","52.2","52.1","52.4","null"
"2022-12-16T20:00:00Z","51.9","51.9","51.9","null"
"2022-12-16T19:45:00Z","52.2","52.1","52.4","null"
"2022-12-16T19:30:00Z","52.0","51.8","52.3","null"
"2022-12-16T19:15:00Z","52.5","52.2","52.8","null"
"2022-12-16T19:00:00Z","52.1","51.9","52.2","null"
"2022-12-16T18:45:00Z","52.0","51.9","52.1","null"
"2022-12-16T18:30:00Z","51.6","51.4","51.8","null"
"2022-12-16T18:15:00Z","51.6","51.4","51.8","null"
"2022-12-16T18:00:00Z","51.6","51.3","51.8","null"
"2022-12-16T17:45:00Z","51.5","51.4","51.6","null"
"2022-12-16T17:30:00Z","51.3","50.9","51.7","null"
"2022-12-16T17:15:00Z","50.9","50.8","51.1","null"
"2022-12-16T17:00:00Z","50.4","50.2","50.7","null"
"2022-12-16T16:45:00Z","50.5","50.4","50.6","null"
"2022-12-16T16:30:00Z","50.7","50.4","50.9","null"
"2022-12-16T16:15:00Z","51.8","51.1","52.6","null"
"2022-12-16T16:00:00Z","52.6","52.4","52.7","null"
"2022-12-16T15:45:00Z","52.1","51.8","52.3","null"
"2022-12-16T15:30:00Z","51.8","51.7","51.9","null"
"2022-12-16T15:15:00Z","51.9","51.7","52.1","null"
"2022-12-16T15:00:00Z","51.1","50.7","51.6","null"
"2022-12-16T14:45:00Z","50.5","49.6","51.8","null"
"2022-12-16T14:30:00Z","52.7","52.0","53.6","null"
"2022-12-16T14:15:00Z","53.6","53.5","53.8","null"
"2022-12-16T14:00:00Z","53.2","53.0","53.4","null"
"2022-12-16T13:45:00Z","52.6","52.4","52.9","null"
"2022-12-16T13:30:00Z","52.4","52.1","52.8","null"
"2022-12-16T13:15:00Z","52.5","52.1","52.9","null"
"2022-12-16T13:00:00Z","51.9","51.8","52.0","null"
"2022-12-16T12:45:00Z","51.9","51.9","51.9","null"
"2022-12-16T12:30:00Z","51.6","51.5","51.8","null"
"2022-12-16T12:15:00Z","51.5","51.2","51.8","null"
"2022-12-16T12:00:00Z","52.1","51.9","52.2","null"
"2022-12-16T11:45:00Z","51.3","50.6","52.0","null"
"2022-12-16T11:30:00Z","50.6","50.4","50.9","null"
"2022-12-16T11:15:00Z","49.5","48.8","50.2","null"
"2022-12-16T11:00:00Z","46.0","42.4","48.6","null"
"2022-12-16T10:45:00Z","41.6","36.2","43.4","null"
"2022-12-16T10:30:00Z","35.8","35.8","35.9","null"
"2022-12-16T10:15:00Z","35.9","35.9","35.9","null"
"2022-12-16T10:00:00Z","35.8","35.8","35.9","null"
"2022-12-16T09:45:00Z","35.7","35.6","35.8","null"
"2022-12-16T09:30:00Z","35.6","35.5","35.8","null"
"2022-12-16T09:15:00Z","35.6","35.6","35.6","null"
"2022-12-16T09:00:00Z","35.7","35.6","35.8","null"
"2022-12-16T08:30:00Z","35.6","35.6","35.6","null"
"2022-12-16T08:15:00Z","35.5","35.5","35.5","null"
"2022-12-16T08:00:00Z","35.4","35.4","35.4","null"
"2022-12-16T07:45:00Z","35.3","35.2","35.4","null"
"2022-12-16T07:30:00Z","35.2","35.2","35.2","null"
"2022-12-16T07:15:00Z","35.1","35.0","35.1","null"
"2022-12-16T07:00:00Z","35.0","35.0","35.0","null"
"2022-12-16T06:45:00Z","34.8","34.6","34.9","null"
"2022-12-16T06:30:00Z","34.6","34.5","34.6","null"
"2022-12-16T06:15:00Z","34.3","34.2","34.4","null"
"2022-12-16T06:00:00Z","34.1","34.1","34.1","null"
"2022-12-16T05:45:00Z","34.0","34.0","34.0","null"
"2022-12-16T05:30:00Z","34.2","33.9","34.5","null"
"2022-12-16T05:15:00Z","33.8","32.8","34.8","null"
"2022-12-16T05:00:00Z","32.9","32.8","32.9","null"
"2022-12-16T04:45:00Z","33.0","32.9","33.1","null"
"2022-12-16T04:15:00Z","33.1","33.1","33.2","null"
"2022-12-16T03:45:00Z","33.2","33.2","33.2","null"
"2022-12-16T03:30:00Z","33.3","33.3","33.3","null"
"2022-12-16T03:15:00Z","33.4","33.3","33.4","null"
"2022-12-16T03:00:00Z","33.5","33.4","33.6","null"
"2022-12-16T02:45:00Z","33.5","33.4","33.6","null"
"2022-12-16T02:30:00Z","33.5","33.4","33.6","null"
"2022-12-16T02:15:00Z","33.6","33.6","33.6","null"
"2022-12-16T02:00:00Z","33.8","33.7","33.8","null"
"2022-12-16T01:30:00Z","33.8","33.8","33.8","null"
"2022-12-16T01:15:00Z","33.9","33.9","33.9","null"
"2022-12-16T00:45:00Z","34.1","34.1","34.2","null"
"2022-12-16T00:30:00Z","34.2","34.2","34.3","null"
"2022-12-16T00:15:00Z","34.4","34.3","34.4","null"
"2022-12-15T23:45:00Z","34.4","34.4","34.4","null"
"2022-12-15T23:30:00Z","34.6","34.6","34.6","null"
"2022-12-15T22:45:00Z","34.7","34.7","34.8","null"
"2022-12-15T22:30:00Z","34.8","34.8","34.8","null"
"2022-12-15T22:00:00Z","35.0","34.9","35.1","null"
"2022-12-15T21:15:00Z","35.2","35.2","35.2","null"
"2022-12-15T21:00:00Z","35.3","35.3","35.3","null"
"2022-12-15T20:30:00Z","35.4","35.4","35.4","null"
"2022-12-15T20:15:00Z","35.6","35.6","35.6","null"
"2022-12-15T20:00:00Z","35.7","35.7","35.7","null"
"2022-12-15T19:30:00Z","35.9","35.8","35.9","null"
"2022-12-15T19:15:00Z","35.8","35.8","35.8","null"
"2022-12-15T19:00:00Z","35.9","35.9","35.9","null"
"2022-12-15T18:15:00Z","36.1","36.1","36.1","null"
"2022-12-15T18:00:00Z","35.9","35.9","35.9","null"
"2022-12-15T17:30:00Z","36.1","36.1","36.1","null"
"2022-12-15T17:15:00Z","36.2","36.2","36.3","null"
"2022-12-15T17:00:00Z","36.5","36.4","36.6","null"
"2022-12-15T16:45:00Z","36.7","36.7","36.7","null"
"2022-12-15T16:30:00Z","36.8","36.8","36.8","null"
"2022-12-15T16:15:00Z","36.9","36.9","36.9","null"
"2022-12-15T16:00:00Z","37.1","37.1","37.2","null"
"2022-12-15T15:45:00Z","37.4","37.3","37.4","null"
"2022-12-15T15:30:00Z","37.6","37.6","37.7","null"
"2022-12-15T15:15:00Z","37.9","37.8","38.1","null"
"2022-12-15T15:00:00Z","38.3","38.2","38.4","null"
"2022-12-15T14:45:00Z","38.7","38.6","38.8","null"
"2022-12-15T14:30:00Z","39.1","38.9","39.3","null"
"2022-12-15T14:15:00Z","39.6","39.4","39.8","null"
"2022-12-15T14:00:00Z","40.1","39.9","40.3","null"
"2022-12-15T13:45:00Z","40.6","40.4","40.8","null"
"2022-12-15T13:30:00Z","41.1","40.9","41.3","null"
"2022-12-15T13:15:00Z","41.6","41.4","41.7","null"
"2022-12-15T13:00:00Z","41.9","41.8","42.1","null"
"2022-12-15T12:45:00Z","42.4","42.2","42.7","null"
"2022-12-15T12:30:00Z","43.3","42.8","43.8","null"
"2022-12-15T12:15:00Z","43.2","42.2","44.2","null"
"2022-12-15T12:00:00Z","43.1","42.8","43.4","null"
"2022-12-15T11:45:00Z","43.9","43.5","44.2","null"
"2022-12-15T11:30:00Z","44.7","44.4","45.0","null"
"2022-12-15T11:15:00Z","45.5","45.1","45.9","null"
"2022-12-15T11:00:00Z","46.6","46.0","47.1","null"
"2022-12-15T10:45:00Z","48.1","47.2","49.0","null"
"2022-12-15T10:30:00Z","50.4","49.1","51.6","null"
"2022-12-15T10:15:00Z","50.4","43.2","53.5","null"
"2022-12-15T10:00:00Z","43.8","43.4","44.1","null"
"2022-12-15T09:45:00Z","44.6","44.2","45.1","null"
"2022-12-15T09:30:00Z","45.8","45.2","46.4","null"
"2022-12-15T09:15:00Z","47.4","46.6","48.3","null"
"2022-12-15T09:00:00Z","49.6","48.4","50.8","null"
"2022-12-15T08:45:00Z","52.6","50.9","54.2","null"
"2022-12-15T08:30:00Z","54.8","54.3","55.2","null"
"2022-12-15T08:15:00Z","55.0","54.7","55.3","null"
"2022-12-15T08:00:00Z","54.7","54.6","54.8","null"
"2022-12-15T07:45:00Z","55.2","54.9","55.4","null"
"2022-12-15T07:30:00Z","52.9","50.5","57.3","null"
"2022-12-15T07:15:00Z","54.7","51.8","57.0","null"
"2022-12-15T07:00:00Z","56.9","56.6","57.2","null"
"2022-12-15T06:45:00Z","56.4","56.1","56.6","null"
"2022-12-15T06:30:00Z","55.2","54.4","56.0","null"
"2022-12-15T06:15:00Z","54.2","53.6","54.9","null"
"2022-12-15T06:00:00Z","55.4","55.0","55.8","null"
"2022-12-15T05:45:00Z","54.8","54.2","55.5","null"
"2022-12-15T05:30:00Z","57.5","55.0","59.3","null"
"2022-12-15T05:15:00Z","59.4","59.3","59.4","null"
"2022-12-15T05:00:00Z","58.8","58.4","59.2","null"
"2022-12-15T04:45:00Z","57.9","57.6","58.3","null"
"2022-12-15T04:30:00Z","56.9","56.4","57.4","null"
"2022-12-15T04:15:00Z","56.2","55.9","56.4","null"
"2022-12-15T04:00:00Z","55.1","54.4","55.8","null"
"2022-12-15T03:45:00Z","54.7","53.9","55.4","null"
"2022-12-15T03:30:00Z","55.5","55.1","55.9","null"
"2022-12-15T03:15:00Z","54.6","54.1","55.0","null"
"2022-12-15T03:00:00Z","55.6","54.2","57.0","null"
"2022-12-15T02:45:00Z","58.6","57.1","60.3","null"
"2022-12-15T02:30:00Z","61.5","60.4","62.5","null"
"2022-12-15T02:15:00Z","62.0","61.6","62.4","null"
"2022-12-15T02:00:00Z","61.5","61.4","61.6","null"
"2022-12-15T01:45:00Z","61.1","60.9","61.4","null"
"2022-12-15T01:30:00Z","60.7","60.6","60.8","null"
"2022-12-15T01:15:00Z","60.2","60.0","60.5","null"
"2022-12-15T01:00:00Z","59.3","58.8","59.9","null"
"2022-12-15T00:45:00Z","58.6","58.1","59.0","null"
"2022-12-15T00:30:00Z","57.6","57.0","58.2","null"
"2022-12-15T00:15:00Z","57.1","56.9","57.2","null"
"2022-12-15T00:00:00Z","56.9","56.6","57.1","null"
"2022-12-14T23:45:00Z","56.1","55.6","56.5","null"
"2022-12-14T23:30:00Z","54.5","53.5","55.5","null"
"2022-12-14T23:15:00Z","54.3","52.8","56.3","null"
"2022-12-14T23:00:00Z","54.1","51.7","56.4","null"
"2022-12-14T22:45:00Z","51.8","51.1","52.8","null"
"2022-12-14T22:30:00Z","52.0","50.1","53.9","null"
"2022-12-14T22:15:00Z","52.6","51.2","53.9","null"
"2022-12-14T22:00:00Z","54.9","54.1","55.8","null"
"2022-12-14T21:45:00Z","55.1","54.2","55.9","null"
"2022-12-14T21:30:00Z","53.7","53.3","54.1","null"
"2022-12-14T21:15:00Z","52.9","52.3","53.4","null"
"2022-12-14T21:00:00Z","53.2","51.4","55.8","null"
"2022-12-14T20:45:00Z","55.0","54.1","55.9","null"
"2022-12-14T20:30:00Z","53.1","52.2","54.0","null"
"2022-12-14T20:15:00Z","48.5","41.0","52.6","null"
"2022-12-14T20:00:00Z","41.1","40.8","41.4","null"
"2022-12-14T19:45:00Z","41.3","41.2","41.4","null"
"2022-12-14T19:30:00Z","41.8","41.5","42.1","null"
"2022-12-14T19:15:00Z","42.7","42.2","43.0","null"
"2022-12-14T19:00:00Z","43.3","42.8","43.9","null"
"2022-12-14T18:45:00Z","44.8","44.0","45.6","null"
"2022-12-14T18:30:00Z","46.9","45.8","48.0","null"
"2022-12-14T18:15:00Z","47.1","45.6","48.5","null"
"2022-12-14T18:00:00Z","48.3","47.0","49.6","null"
"2022-12-14T17:45:00Z","51.3","49.8","52.9","null"
"2022-12-14T17:30:00Z","51.6","50.5","52.8","null"
"2022-12-14T17:15:00Z","49.0","47.4","50.8","null"
"2022-12-14T17:00:00Z","49.8","48.1","51.4","null"
"2022-12-14T16:45:00Z","45.7","39.9","51.2","null"
"2022-12-14T16:30:00Z","50.9","48.4","53.6","null"
"2022-12-14T16:15:00Z","51.0","49.3","52.9","null"
"2022-12-14T16:00:00Z","48.3","45.8","51.4","null"
"2022-12-14T15:45:00Z","47.8","46.9","48.6","null"
"2022-12-14T15:30:00Z","51.9","48.4","56.7","null"
"2022-12-14T15:15:00Z","54.9","54.5","55.4","null"
"2022-12-14T15:00:00Z","54.9","54.2","55.5","null"
"2022-12-14T14:45:00Z","55.2","54.8","55.6","null"
"2022-12-14T14:30:00Z","56.5","54.4","58.9","null"
"2022-12-14T14:15:00Z","53.0","47.1","58.8","null"
"2022-12-14T14:00:00Z","47.1","46.8","47.4","null"
"2022-12-14T13:45:00Z","48.4","47.6","49.3","null"
"2022-12-14T13:30:00Z","50.8","49.4","52.1","null"
"2022-12-14T13:15:00Z","53.1","52.2","54.1","null"
"2022-12-14T13:00:00Z","54.7","54.2","55.3","null"
"2022-12-14T12:45:00Z","55.2","54.4","55.8","null"
"2022-12-14T12:30:00Z","54.7","54.1","55.6","null"
"2022-12-14T12:15:00Z","55.2","54.7","55.7","null"
"2022-12-14T12:00:00Z","54.4","54.3","54.6","null"
"2022-12-14T11:45:00Z","53.8","53.4","54.2","null"
"2022-12-14T11:30:00Z","55.1","53.8","56.3","null"
"2022-12-14T11:15:00Z","55.8","55.2","56.4","null"
"2022-12-14T11:00:00Z","51.3","47.2","55.1","null"
"2022-12-14T10:45:00Z","45.5","44.1","47.1","null"
"2022-12-14T10:30:00Z","44.0","43.9","44.1","null"
"2022-12-14T10:15:00Z","44.5","44.2","44.8","null"
"2022-12-14T10:00:00Z","45.4","44.9","45.8","null"
"2022-12-14T09:45:00Z","46.6","45.9","47.3","null"
"2022-12-14T09:30:00Z","48.4","47.4","49.3","null"
"2022-12-14T09:15:00Z","50.6","49.4","51.8","null"
"2022-12-14T09:00:00Z","53.4","51.9","54.8","null"
"2022-12-14T08:45:00Z","56.5","54.9","57.8","null"
"2022-12-14T08:30:00Z","56.3","55.4","57.2","null"
"2022-12-14T08:15:00Z","56.3","55.5","57.2","null"
"2022-12-14T08:00:00Z","56.9","56.4","57.5","null"
"2022-12-14T07:45:00Z","56.9","56.8","57.1","null"
"2022-12-14T07:30:00Z","56.4","56.0","56.8","null"
"2022-12-14T07:15:00Z","53.7","51.1","56.9","null"
"2022-12-14T07:00:00Z","56.8","55.0","58.4","null"
"2022-12-14T06:45:00Z","61.3","54.8","65.2","null"
"2022-12-14T06:30:00Z","63.9","62.9","64.9","null"
"2022-12-14T06:15:00Z","65.1","64.9","65.4","null"
"2022-12-14T06:00:00Z","65.6","65.5","65.8","null"
"2022-12-14T05:45:00Z","65.4","65.2","65.6","null"
"2022-12-14T05:30:00Z","65.2","64.8","65.8","null"
"2022-12-14T05:15:00Z","66.1","65.9","66.4","null"
"2022-12-14T05:00:00Z","66.2","66.0","66.4","null"
"2022-12-14T04:45:00Z","65.6","65.4","65.9","null"
"2022-12-14T04:30:00Z","65.1","64.9","65.4","null"
"2022-12-14T04:15:00Z","64.6","64.4","64.8","null"
"2022-12-14T04:00:00Z","64.9","64.2","65.6","null"
"2022-12-14T03:45:00Z","65.6","65.5","65.8","null"
"2022-12-14T03:30:00Z","65.2","65.1","65.4","null"
"2022-12-14T03:15:00Z","64.7","64.4","65.0","null"
"2022-12-14T03:00:00Z","64.4","64.2","64.6","null"
"2022-12-14T02:45:00Z","64.0","63.9","64.1","null"
"2022-12-14T02:30:00Z","63.6","63.5","63.8","null"
"2022-12-14T02:15:00Z","63.0","62.6","63.4","null"
"2022-12-14T02:00:00Z","62.8","62.6","62.9","null"
"2022-12-14T01:45:00Z","62.1","61.6","62.5","null"
"2022-12-14T01:30:00Z","61.5","61.4","61.6","null"
"2022-12-14T01:15:00Z","60.9","60.6","61.2","null"
"2022-12-14T01:00:00Z","60.3","60.1","60.5","null"
"2022-12-14T00:45:00Z","59.8","59.6","60.0","null"
"2022-12-14T00:30:00Z","59.2","59.0","59.5","null"
"2022-12-14T00:15:00Z","58.5","58.1","58.9","null"
"2022-12-14T00:00:00Z","57.7","57.4","58.0","null"
"2022-12-13T23:45:00Z","57.1","57.0","57.2","null"
"2022-12-13T23:30:00Z","57.0","57.0","57.0","null"
"2022-12-13T23:15:00Z","57.2","57.1","57.4","null"
"2022-12-13T23:00:00Z","56.0","54.8","57.2","null"
"2022-12-13T22:45:00Z","56.3","52.5","62.1","null"
"2022-12-13T22:30:00Z","59.2","58.6","59.9","null"
"2022-12-13T22:15:00Z","57.3","56.1","58.5","null"
"2022-12-13T22:00:00Z","56.5","56.1","56.9","null"
"2022-12-13T21:45:00Z","55.7","55.4","56.0","null"
"2022-12-13T21:30:00Z","53.9","52.6","55.2","null"
"2022-12-13T21:15:00Z","53.7","52.4","55.7","null"
"2022-12-13T21:00:00Z","55.8","54.8","56.6","null"
"2022-12-13T20:45:00Z","51.6","48.5","54.7","null"
"2022-12-13T20:30:00Z","45.5","42.7","48.4","null"
"2022-12-13T20:15:00Z","42.5","42.4","42.6","null"
"2022-12-13T20:00:00Z","42.3","42.3","42.3","null"
"2022-12-13T19:45:00Z","42.6","42.4","42.8","null"
"2022-12-13T19:30:00Z","43.3","42.9","43.7","null"
"2022-12-13T19:15:00Z","44.2","43.8","44.7","null"
"2022-12-13T19:00:00Z","45.4","44.8","46.1","null"
"2022-12-13T18:45:00Z","46.9","46.2","47.7","null"
"2022-12-13T18:30:00Z","48.8","47.8","49.8","null"
"2022-12-13T18:15:00Z","51.1","49.9","52.3","null"
"2022-12-13T18:00:00Z","53.9","52.4","55.4","null"
"2022-12-13T17:45:00Z","56.8","55.6","57.7","null"
"2022-12-13T17:30:00Z","56.0","55.6","56.4","null"
"2022-12-13T17:15:00Z","55.8","55.2","56.4","null"
"2022-12-13T17:00:00Z","55.2","54.8","55.8","null"
"2022-12-13T16:45:00Z","54.1","51.2","58.0","null"
"2022-12-13T16:30:00Z","55.5","52.8","58.2","null"
"2022-12-13T16:15:00Z","55.4","53.3","58.3","null"
"2022-12-13T16:00:00Z","57.3","55.8","58.6","null"
"2022-12-13T15:45:00Z","58.1","57.4","58.8","null"
"2022-12-13T15:30:00Z","56.7","56.0","57.4","null"
"2022-12-13T15:15:00Z","55.8","54.6","56.9","null"
"2022-12-13T15:00:00Z","57.9","56.9","58.8","null"
"2022-12-13T14:45:00Z","59.1","58.4","59.8","null"
"2022-12-13T14:30:00Z","59.3","59.1","59.5","null"
"2022-12-13T14:15:00Z","58.6","58.0","59.1","null"
"2022-12-13T14:00:00Z","55.7","54.1","57.9","null"
"2022-12-13T13:45:00Z","56.7","55.8","57.2","null"
"2022-12-13T13:30:00Z","57.7","57.2","58.1","null"
"2022-12-13T13:15:00Z","58.2","58.0","58.4","null"
"2022-12-13T13:00:00Z","57.4","56.9","58.0","null"
"2022-12-13T12:45:00Z","56.7","56.4","57.0","null"
"2022-12-13T12:30:00Z","57.1","56.8","57.5","null"
"2022-12-13T12:15:00Z","57.1","56.5","57.6","null"
"2022-12-13T12:00:00Z","57.3","56.4","58.2","null"
"2022-12-13T11:45:00Z","57.9","57.5","58.4","null"
"2022-12-13T11:30:00Z","57.1","56.9","57.4","null"
"2022-12-13T11:15:00Z","56.4","55.9","57.0","null"
"2022-12-13T11:00:00Z","55.6","55.1","56.0","null"
"2022-12-13T10:45:00Z","54.7","54.4","55.0","null"
"2022-12-13T10:30:00Z","54.1","53.5","54.6","null"
"2022-12-13T10:15:00Z","54.2","53.4","55.1","null"
"2022-12-13T10:00:00Z","55.1","54.5","55.5","null"
"2022-12-13T09:45:00Z","54.0","53.4","54.5","null"
"2022-12-13T09:30:00Z","53.0","52.6","53.5","null"
"2022-12-13T09:15:00Z","53.8","53.2","54.2","null"
"2022-12-13T09:00:00Z","50.6","48.6","53.1","null"
"2022-12-13T08:45:00Z","56.7","51.2","61.3","null"
"2022-12-13T08:30:00Z","58.1","58.0","58.2","null"
"2022-12-13T08:15:00Z","57.0","56.1","57.9","null"
"2022-12-13T08:00:00Z","56.2","55.6","57.0","null"
"2022-12-13T07:45:00Z","56.9","56.6","57.1","null"
"2022-12-13T07:30:00Z","55.8","55.2","56.5","null"
"2022-12-13T07:15:00Z","53.2","50.2","56.6","null"
"2022-12-13T07:00:00Z","56.4","52.6","59.4","null"
"2022-12-13T06:45:00Z","56.5","52.5","59.9","null"
"2022-12-13T06:30:00Z","56.4","53.5","59.1","null"
"2022-12-13T06:15:00Z","59.3","55.5","63.4","null"
"2022-12-13T06:00:00Z","62.2","61.4","62.9","null"
"2022-12-13T05:45:00Z","63.1","62.6","63.8","null"
"2022-12-13T05:30:00Z","64.1","63.9","64.3","null"
"2022-12-13T05:15:00Z","64.1","64.1","64.1","null"
"2022-12-13T05:00:00Z","64.3","64.1","64.7","null"
"2022-12-13T04:45:00Z","65.0","64.8","65.1","null"
"2022-12-13T04:30:00Z","64.4","63.8","64.9","null"
"2022-12-13T04:15:00Z","65.3","65.1","65.6","null"
"2022-12-13T04:00:00Z","65.2","65.1","65.4","null"
"2022-12-13T03:45:00Z","65.1","64.7","65.6","null"
"2022-12-13T03:30:00Z","65.2","64.9","65.6","null"
"2022-12-13T03:15:00Z","65.6","65.6","65.7","null"
"2022-12-13T02:45:00Z","65.2","65.1","65.4","null"
"2022-12-13T02:30:00Z","64.8","64.7","64.9","null"
"2022-12-13T02:15:00Z","64.4","64.2","64.7","null"
"2022-12-13T02:00:00Z","63.8","63.4","64.1","null"
"2022-12-13T01:45:00Z","63.2","63.2","63.3","null"
"2022-12-13T01:30:00Z","63.2","63.2","63.3","null"
"2022-12-13T01:15:00Z","62.8","62.6","63.1","null"
"2022-12-13T01:00:00Z","62.2","62.1","62.4","null"
"2022-12-13T00:45:00Z","61.8","61.6","61.9","null"
"2022-12-13T00:30:00Z","61.0","60.7","61.4","null"
"2022-12-13T00:15:00Z","60.1","59.6","60.6","null"
"2022-12-13T00:00:00Z","59.1","58.7","59.4","null"
"2022-12-12T23:45:00Z","59.1","58.4","59.9","null"
"2022-12-12T23:30:00Z","60.2","59.9","60.6","null"
"2022-12-12T23:15:00Z","59.6","59.4","59.8","null"
"2022-12-12T23:00:00Z","59.1","58.8","59.4","null"
"2022-12-12T22:45:00Z","58.4","58.2","58.7","null"
"2022-12-12T22:30:00Z","57.8","57.4","58.1","null"
"2022-12-12T22:15:00Z","56.7","56.1","57.3","null"
"2022-12-12T22:00:00Z","55.6","55.1","56.2","null"
"2022-12-12T21:45:00Z","54.7","54.3","55.1","null"
"2022-12-12T21:30:00Z","54.1","53.7","54.4","null"
"2022-12-12T21:15:00Z","53.2","52.8","53.6","null"
"2022-12-12T21:00:00Z","52.7","52.6","52.8","null"
"2022-12-12T20:45:00Z","53.0","52.2","53.9","null"
"2022-12-12T20:30:00Z","54.4","54.1","54.7","null"
"2022-12-12T20:15:00Z","53.6","52.8","54.3","null"
"2022-12-12T20:00:00Z","49.9","47.0","52.7","null"
"2022-12-12T19:45:00Z","45.9","45.0","46.9","null"
"2022-12-12T19:30:00Z","45.5","45.1","45.9","null"
"2022-12-12T19:15:00Z","46.6","46.0","47.1","null"
"2022-12-12T19:00:00Z","48.1","47.2","48.9","null"
"2022-12-12T18:45:00Z","50.2","49.0","51.5","null"
"2022-12-12T18:30:00Z","51.5","50.9","52.0","null"
"2022-12-12T18:15:00Z","49.8","48.9","50.8","null"
"2022-12-12T18:00:00Z","52.9","48.8","57.0","null"
"2022-12-12T17:45:00Z","55.1","53.6","57.3","null"
"2022-12-12T17:30:00Z","58.3","57.3","59.6","null"
"2022-12-12T17:15:00Z","59.6","59.5","59.8","null"
"2022-12-12T17:00:00Z","59.9","59.8","60.1","null"
"2022-12-12T16:45:00Z","59.3","58.9","59.8","null"
"2022-12-12T16:30:00Z","58.7","58.6","58.8","null"
"2022-12-12T16:15:00Z","56.3","54.1","58.5","null"
"2022-12-12T16:00:00Z","52.2","50.4","53.9","null"
"2022-12-12T15:45:00Z","50.9","50.3","51.6","null"
"2022-12-12T15:30:00Z","52.6","51.7","53.6","null"
"2022-12-12T15:15:00Z","55.2","53.7","56.8","null"
"2022-12-12T15:00:00Z","58.0","56.9","59.1","null"
"2022-12-12T14:45:00Z","59.5","59.2","59.9","null"
"2022-12-12T14:30:00Z","60.3","60.1","60.6","null"
"2022-12-12T14:15:00Z","60.0","59.8","60.3","null"
"2022-12-12T14:00:00Z","59.2","58.8","59.7","null"
"2022-12-12T13:45:00Z","59.8","59.6","59.9","null"
"2022-12-12T13:30:00Z","59.9","59.7","60.1","null"
"2022-12-12T13:15:00Z","59.6","59.3","59.9","null"
"2022-12-12T13:00:00Z","59.6","59.3","59.8","null"
"2022-12-12T12:45:00Z","58.7","58.2","59.2","null"
"2022-12-12T12:30:00Z","58.1","57.8","58.3","null"
"2022-12-12T12:15:00Z","57.5","57.2","57.9","null"
"2022-12-12T12:00:00Z","58.4","58.1","58.7","null"
"2022-12-12T11:45:00Z","59.1","58.8","59.3","null"
"2022-12-12T11:30:00Z","58.6","58.2","59.1","null"
"2022-12-12T11:15:00Z","57.9","57.7","58.1","null"
"2022-12-12T11:00:00Z","57.6","57.1","58.1","null"
"2022-12-12T10:45:00Z","56.5","56.1","56.9","null"
"2022-12-12T10:30:00Z","55.7","55.3","56.2","null"
"2022-12-12T10:15:00Z","56.2","55.9","56.4","null"
"2022-12-12T10:00:00Z","55.5","54.8","56.2","null"
"2022-12-12T09:45:00Z","53.1","51.6","54.7","null"
"2022-12-12T09:30:00Z","50.7","50.1","51.4","null"
"2022-12-12T09:15:00Z","51.2","50.9","51.5","null"
"2022-12-12T09:00:00Z","50.6","49.0","53.4","null"
"2022-12-12T08:45:00Z","54.3","51.1","57.1","null"
"2022-12-12T08:30:00Z","55.2","51.8","58.9","null"
"2022-12-12T08:15:00Z","55.4","52.3","59.8","null"
"2022-12-12T08:00:00Z","56.7","54.2","59.9","null"
"2022-12-12T07:45:00Z","57.1","54.4","60.3","null"
"2022-12-12T07:30:00Z","58.3","55.9","60.8","null"
"2022-12-12T07:15:00Z","64.0","56.2","67.8","null"
"2022-12-12T07:00:00Z","68.0","66.8","69.5","null"
"2022-12-12T06:45:00Z","69.4","69.2","69.6","null"
"2022-12-12T06:30:00Z","69.1","68.9","69.2","null"
"2022-12-12T06:15:00Z","69.1","69.0","69.1","null"
"2022-12-12T06:00:00Z","68.7","68.4","69.0","null"
"2022-12-12T05:45:00Z","67.8","67.4","68.2","null"
"2022-12-12T05:30:00Z","67.4","67.1","67.6","null"
"2022-12-12T05:15:00Z","67.8","67.8","67.9","null"
"2022-12-12T05:00:00Z","67.2","66.9","67.6","null"
"2022-12-12T04:45:00Z","67.9","67.4","68.5","null"
"2022-12-12T04:30:00Z","69.0","68.6","69.4","null"
"2022-12-12T04:15:00Z","68.9","68.4","69.5","null"
"2022-12-12T04:00:00Z","68.1","67.6","68.6","null"
"2022-12-12T03:45:00Z","68.7","68.5","68.9","null"
"2022-12-12T03:30:00Z","68.1","67.8","68.4","null"
"2022-12-12T03:15:00Z","67.5","67.4","67.6","null"
"2022-12-12T03:00:00Z","67.1","66.9","67.2","null"
"2022-12-12T02:45:00Z","66.9","66.6","67.1","null"
"2022-12-12T02:30:00Z","66.4","66.4","66.5","null"
"2022-12-12T02:15:00Z","65.9","65.5","66.2","null"
"2022-12-12T02:00:00Z","65.2","65.0","65.4","null"
"2022-12-12T01:45:00Z","64.5","64.1","64.9","null"
"2022-12-12T01:30:00Z","63.4","62.8","64.0","null"
"2022-12-12T01:15:00Z","62.4","62.1","62.6","null"
"2022-12-12T01:00:00Z","61.5","61.1","62.0","null"
"2022-12-12T00:45:00Z","61.1","60.8","61.5","null"
"2022-12-12T00:30:00Z","60.3","60.0","60.6","null"
"2022-12-12T00:15:00Z","59.2","58.5","59.9","null"
"2022-12-12T00:00:00Z","57.9","57.4","58.4","null"
"2022-12-11T23:45:00Z","56.9","56.6","57.2","null"
"2022-12-11T23:30:00Z","56.2","55.9","56.5","null"
"2022-12-11T23:15:00Z","55.5","55.1","55.9","null"
"2022-12-11T23:00:00Z","54.5","54.0","55.0","null"
"2022-12-11T22:45:00Z","53.4","53.0","53.9","null"
"2022-12-11T22:30:00Z","52.3","51.9","52.9","null"
"2022-12-11T22:15:00Z","52.3","52.1","52.5","null"
"2022-12-11T22:00:00Z","51.9","51.6","52.1","null"
"2022-12-11T21:45:00Z","50.4","49.4","51.5","null"
"2022-12-11T21:30:00Z","49.9","49.2","50.6","null"
"2022-12-11T21:15:00Z","51.4","50.8","52.0","null"
"2022-12-11T21:00:00Z","51.1","50.4","51.8","null"
"2022-12-11T20:45:00Z","49.8","49.4","50.2","null"
"2022-12-11T20:30:00Z","50.1","49.9","50.2","null"
"2022-12-11T20:15:00Z","49.6","49.1","50.1","null"
"2022-12-11T20:00:00Z","48.2","47.5","49.0","null"
"2022-12-11T19:45:00Z","51.6","48.0","55.1","null"
"2022-12-11T19:30:00Z","52.3","51.4","53.5","null"
"2022-12-11T19:15:00Z","54.8","52.8","56.9","null"
"2022-12-11T19:00:00Z","51.1","45.2","56.8","null"
"2022-12-11T18:30:00Z","45.1","45.1","45.1","null"
"2022-12-11T18:15:00Z","45.0","45.0","45.0","null"
"2022-12-11T18:00:00Z","45.1","45.1","45.1","null"
"2022-12-11T17:30:00Z","45.4","45.2","45.5","null"
"2022-12-11T17:15:00Z","45.9","45.6","46.1","null"
"2022-12-11T17:00:00Z","46.4","46.2","46.6","null"
"2022-12-11T16:45:00Z","47.0","46.8","47.2","null"
"2022-12-11T16:30:00Z","47.9","47.4","48.4","null"
"2022-12-11T16:15:00Z","49.3","48.5","50.1","null"
"2022-12-11T16:00:00Z","51.4","50.2","52.5","null"
"2022-12-11T15:45:00Z","53.9","52.6","55.2","null"
"2022-12-11T15:30:00Z","56.1","55.4","56.8","null"
"2022-12-11T15:15:00Z","57.1","56.9","57.4","null"
"2022-12-11T15:00:00Z","56.9","56.2","57.5","null"
"2022-12-11T14:45:00Z","56.9","56.1","57.6","null"
"2022-12-11T14:30:00Z","57.5","57.0","57.9","null"
"2022-12-11T14:15:00Z","57.3","57.1","57.6","null"
"2022-12-11T14:00:00Z","57.2","56.8","57.9","null"
"2022-12-11T13:45:00Z","57.8","57.1","58.4","null"
"2022-12-11T13:30:00Z","56.4","55.8","57.0","null"
"2022-12-11T13:15:00Z","56.1","55.6","56.5","null"
"2022-12-11T13:00:00Z","56.2","56.0","56.5","null"
"2022-12-11T12:45:00Z","56.3","56.1","56.4","null"
"2022-12-11T12:30:00Z","55.8","55.2","56.5","null"
"2022-12-11T12:15:00Z","56.1","55.5","56.5","null"
"2022-12-11T12:00:00Z","55.8","55.6","56.0","null"
"2022-12-11T11:45:00Z","55.7","55.6","55.8","null"
"2022-12-11T11:30:00Z","54.8","54.2","55.5","null"
"2022-12-11T11:15:00Z","55.5","54.6","56.4","null"
"2022-12-11T11:00:00Z","55.4","54.6","56.2","null"
"2022-12-11T10:45:00Z","54.1","53.6","54.5","null"
"2022-12-11T10:30:00Z","52.8","52.1","53.5","null"
"2022-12-11T10:15:00Z","52.0","51.6","52.4","null"
"2022-12-11T10:00:00Z","53.1","52.5","53.6","null"
"2022-12-11T09:45:00Z","53.9","53.2","54.4","null"
"2022-12-11T09:30:00Z","52.4","51.8","53.1","null"
"2022-12-11T09:15:00Z","51.6","51.1","52.0","null"
"2022-12-11T09:00:00Z","49.5","48.0","51.0","null"
"2022-12-11T08:45:00Z","53.5","47.4","59.7","null"
"2022-12-11T08:30:00Z","55.3","52.2","57.8","null"
"2022-12-11T08:15:00Z","55.7","51.9","59.4","null"
"2022-12-11T08:00:00Z","56.2","53.1","59.5","null"
"2022-12-11T07:45:00Z","57.1","54.8","60.4","null"
"2022-12-11T07:30:00Z","57.4","54.8","60.2","null"
"2022-12-11T07:15:00Z","58.4","56.0","61.2","null"
"2022-12-11T07:00:00Z","60.8","56.9","64.1","null"
"2022-12-11T06:45:00Z","63.7","61.2","66.0","null"
"2022-12-11T06:30:00Z","63.9","61.6","66.3","null"
"2022-12-11T06:15:00Z","64.1","61.3","66.3","null"
"2022-12-11T06:00:00Z","63.5","61.1","66.1","null"
"2022-12-11T05:45:00Z","63.4","61.2","65.9","null"
"2022-12-11T05:30:00Z","63.4","61.1","65.9","null"
"2022-12-11T05:15:00Z","63.9","61.9","66.2","null"
"2022-12-11T05:00:00Z","64.1","61.6","66.5","null"
"2022-12-11T04:45:00Z","64.0","61.9","66.1","null"
"2022-12-11T04:30:00Z","64.6","62.1","67.0","null"
"2022-12-11T04:15:00Z","64.5","62.0","66.8","null"
"2022-12-11T04:00:00Z","65.0","62.0","67.7","null"
"2022-12-11T03:45:00Z","64.1","62.5","66.3","null"
"2022-12-11T03:30:00Z","67.7","64.5","71.1","null"
"2022-12-11T03:15:00Z","71.0","70.7","71.3","null"
"2022-12-11T03:00:00Z","70.2","69.9","70.6","null"
"2022-12-11T02:45:00Z","69.4","69.1","69.8","null"
"2022-12-11T02:30:00Z","68.6","68.2","68.9","null"
"2022-12-11T02:15:00Z","67.6","67.1","68.1","null"
"2022-12-11T02:00:00Z","66.3","65.7","66.9","null"
"2022-12-11T01:45:00Z","65.7","65.4","65.9","null"
"2022-12-11T01:30:00Z","64.8","64.3","65.3","null"
"2022-12-11T01:15:00Z","63.6","62.9","64.2","null"
"2022-12-11T01:00:00Z","62.2","61.7","62.8","null"
"2022-12-11T00:45:00Z","61.3","60.7","61.9","null"
"2022-12-11T00:30:00Z","59.8","59.1","60.6","null"
"2022-12-11T00:15:00Z","58.3","57.7","58.9","null"
"2022-12-11T00:00:00Z","57.9","57.4","58.2","null"
"2022-12-10T23:45:00Z","56.9","56.6","57.3","null"
"2022-12-10T23:30:00Z","56.0","55.6","56.4","null"
"2022-12-10T23:15:00Z","55.1","54.8","55.4","null"
"2022-12-10T23:00:00Z","53.8","52.8","54.7","null"
"2022-12-10T22:45:00Z","49.5","46.8","52.7","null"
"2022-12-10T22:30:00Z","55.7","52.3","58.9","null"
"2022-12-10T22:15:00Z","56.0","52.0","59.4","null"
"2022-12-10T22:00:00Z","56.1","52.6","60.0","null"
"2022-12-10T21:45:00Z","55.9","53.6","58.9","null"
"2022-12-10T21:30:00Z","56.8","53.9","60.1","null"
"2022-12-10T21:15:00Z","56.7","53.8","60.3","null"
"2022-12-10T21:00:00Z","59.6","58.1","60.6","null"
"2022-12-10T20:45:00Z","58.5","57.9","59.1","null"
"2022-12-10T20:30:00Z","57.2","56.6","57.8","null"
"2022-12-10T20:15:00Z","55.5","54.1","56.9","null"
"2022-12-10T20:00:00Z","57.6","56.0","59.5","null"
"2022-12-10T19:45:00Z","55.5","51.4","59.6","null"
"2022-12-10T19:30:00Z","51.9","51.2","52.6","null"
"2022-12-10T19:15:00Z","53.9","52.8","55.1","null"
"2022-12-10T19:00:00Z","56.5","55.2","57.8","null"
"2022-12-10T18:45:00Z","57.8","57.6","57.9","null"
"2022-12-10T18:30:00Z","57.2","56.8","57.8","null"
"2022-12-10T18:15:00Z","56.6","56.5","56.8","null"
"2022-12-10T18:00:00Z","55.7","55.0","56.4","null"
"2022-12-10T17:45:00Z","56.1","55.1","57.1","null"
"2022-12-10T17:30:00Z","56.5","55.8","57.2","null"
"2022-12-10T17:15:00Z","51.3","46.6","55.6","null"
"2022-12-10T17:00:00Z","46.8","46.4","47.2","null"
"2022-12-10T16:45:00Z","48.0","47.3","48.7","null"
"2022-12-10T16:30:00Z","49.9","48.8","50.9","null"
"2022-12-10T16:15:00Z","50.3","48.9","51.6","null"
"2022-12-10T16:00:00Z","57.7","51.7","61.7","null"
"2022-12-10T15:45:00Z","59.2","58.7","59.7","null"
"2022-12-10T15:30:00Z","58.0","57.4","58.6","null"
"2022-12-10T15:15:00Z","56.8","56.3","57.3","null"
"2022-12-10T15:00:00Z","55.8","55.1","56.8","null"
"2022-12-10T14:45:00Z","55.9","55.1","56.7","null"
"2022-12-10T14:30:00Z","56.3","54.3","58.1","null"
"2022-12-10T14:15:00Z","58.9","58.2","59.7","null"
"2022-12-10T14:00:00Z","58.1","56.4","59.8","null"
"2022-12-10T13:45:00Z","53.3","51.1","56.3","null"
"2022-12-10T13:30:00Z","53.1","52.1","54.1","null"
"2022-12-10T13:15:00Z","55.9","54.2","57.6","null"
"2022-12-10T13:00:00Z","57.6","56.8","58.2","null"
"2022-12-10T12:45:00Z","51.5","46.2","56.6","null"
"2022-12-10T12:30:00Z","46.1","45.9","46.2","null"
"2022-12-10T12:15:00Z","45.8","45.4","46.1","null"
"2022-12-10T12:00:00Z","45.5","45.3","45.7","null"
"2022-12-10T11:45:00Z","45.4","45.3","45.4","null"
"2022-12-10T11:30:00Z","45.6","45.6","45.7","null"
"2022-12-10T11:15:00Z","45.9","45.8","46.1","null"
"2022-12-10T11:00:00Z","46.2","46.2","46.3","null"
"2022-12-10T10:45:00Z","46.8","46.4","47.1","null"
"2022-12-10T10:30:00Z","47.5","47.2","47.8","null"
"2022-12-10T10:15:00Z","48.6","47.9","49.3","null"
"2022-12-10T10:00:00Z","50.4","49.4","51.4","null"
"2022-12-10T09:45:00Z","52.4","51.6","53.2","null"
"2022-12-10T09:30:00Z","53.0","52.7","53.3","null"
"2022-12-10T09:15:00Z","52.0","51.4","52.6","null"
"2022-12-10T09:00:00Z","51.6","51.2","52.2","null"
"2022-12-10T08:45:00Z","51.8","51.3","52.3","null"
"2022-12-10T08:30:00Z","48.7","46.2","51.2","null"
"2022-12-10T08:15:00Z","53.9","45.7","59.5","null"
"2022-12-10T08:00:00Z","56.6","52.8","59.6","null"
"2022-12-10T07:45:00Z","55.6","53.2","57.7","null"
"2022-12-10T07:30:00Z","56.7","53.1","60.4","null"
"2022-12-10T07:15:00Z","57.6","55.2","61.0","null"
"2022-12-10T07:00:00Z","58.5","54.1","61.9","null"
"2022-12-10T06:45:00Z","59.7","54.2","63.9","null"
"2022-12-10T06:30:00Z","62.9","60.5","65.2","null"
"2022-12-10T06:15:00Z","63.6","60.8","66.0","null"
"2022-12-10T06:00:00Z","64.2","61.9","66.2","null"
"2022-12-10T05:45:00Z","63.8","61.2","66.6","null"
"2022-12-10T05:30:00Z","63.4","61.3","65.5","null"
"2022-12-10T05:15:00Z","63.1","60.7","65.9","null"
"2022-12-10T05:00:00Z","64.0","61.9","66.5","null"
"2022-12-10T04:45:00Z","64.4","61.6","66.9","null"
"2022-12-10T04:30:00Z","64.3","61.6","66.6","null"
"2022-12-10T04:15:00Z","64.4","61.9","66.9","null"
"2022-12-10T04:00:00Z","63.9","61.6","65.9","null"
"2022-12-10T03:45:00Z","64.2","61.4","66.9","null"
"2022-12-10T03:30:00Z","63.7","61.4","66.2","null"
"2022-12-10T03:15:00Z","63.8","61.6","66.1","null"
"2022-12-10T03:00:00Z","64.0","62.2","66.2","null"
"2022-12-10T02:45:00Z","64.1","61.9","66.3","null"
"2022-12-10T02:30:00Z","64.8","62.2","67.1","null"
"2022-12-10T02:15:00Z","63.7","62.5","65.2","null"
"2022-12-10T02:00:00Z","66.2","63.2","68.4","null"
"2022-12-10T01:45:00Z","63.9","63.1","65.1","null"
"2022-12-10T01:30:00Z","66.6","63.2","70.2","null"
"2022-12-10T01:15:00Z","70.0","69.7","70.3","null"
"2022-12-10T01:00:00Z","69.1","68.7","69.6","null"
"2022-12-10T00:45:00Z","68.1","67.7","68.6","null"
"2022-12-10T00:30:00Z","67.1","66.6","67.6","null"
"2022-12-10T00:15:00Z","65.8","65.1","66.4","null"
"2022-12-10T00:00:00Z","64.2","63.6","64.9","null"
"2022-12-09T23:45:00Z","63.2","62.9","63.4","null"
"2022-12-09T23:30:00Z","62.1","61.3","62.8","null"
"2022-12-09T23:15:00Z","60.9","60.7","61.2","null"
"2022-12-09T23:00:00Z","60.4","60.1","60.8","null"
"2022-12-09T22:45:00Z","59.8","59.7","59.9","null"
"2022-12-09T22:30:00Z","59.3","59.1","59.6","null"
"2022-12-09T22:15:00Z","58.4","57.8","58.9","null"
"2022-12-09T22:00:00Z","57.3","56.9","57.7","null"
"2022-12-09T21:45:00Z","56.2","55.6","56.8","null"
"2022-12-09T21:30:00Z","55.3","55.2","55.4","null"
"2022-12-09T21:15:00Z","54.9","54.7","55.2","null"
"2022-12-09T21:00:00Z","55.7","55.3","56.2","null"
"2022-12-09T20:45:00Z","55.9","55.7","56.3","null"
"2022-12-09T20:30:00Z","55.0","54.4","55.6","null"
"2022-12-09T20:15:00Z","53.9","53.4","54.3","null"
"2022-12-09T20:00:00Z","52.6","52.1","53.3","null"
"2022-12-09T19:45:00Z","54.1","52.3","55.8","null"
"2022-12-09T19:30:00Z","55.3","54.9","55.7","null"
"2022-12-09T19:15:00Z","54.1","53.3","54.8","null"
"2022-12-09T19:00:00Z","52.6","51.9","53.2","null"
"2022-12-09T18:45:00Z","51.2","50.6","51.8","null"
"2022-12-09T18:30:00Z","50.8","50.6","51.1","null"
"2022-12-09T18:15:00Z","50.7","47.0","58.4","null"
"2022-12-09T18:00:00Z","54.2","51.8","57.3","null"
"2022-12-09T17:45:00Z","54.6","51.6","57.4","null"
"2022-12-09T17:30:00Z","54.7","51.6","57.2","null"
"2022-12-09T17:15:00Z","54.9","51.8","57.6","null"
"2022-12-09T17:00:00Z","56.1","53.1","58.5","null"
"2022-12-09T16:45:00Z","55.5","52.5","58.9","null"
"2022-12-09T16:30:00Z","56.4","53.2","60.4","null"
"2022-12-09T16:15:00Z","57.1","54.1","60.2","null"
"2022-12-09T16:00:00Z","57.1","54.2","60.4","null"
"2022-12-09T15:45:00Z","60.4","59.6","61.0","null"
"2022-12-09T15:30:00Z","60.1","59.1","61.2","null"
"2022-12-09T15:15:00Z","61.2","61.1","61.4","null"
"2022-12-09T15:00:00Z","60.9","60.9","61.0","null"
"2022-12-09T14:45:00Z","61.3","60.8","61.9","null"
"2022-12-09T14:30:00Z","62.3","62.0","62.6","null"
"2022-12-09T14:15:00Z","62.8","62.8","62.9","null"
"2022-12-09T14:00:00Z","61.6","60.8","62.6","null"
"2022-12-09T13:45:00Z","61.5","61.0","62.0","null"
"2022-12-09T13:30:00Z","60.5","60.1","60.9","null"
"2022-12-09T13:15:00Z","60.2","60.1","60.4","null"
"2022-12-09T13:00:00Z","60.3","60.0","60.6","null"
"2022-12-09T12:45:00Z","60.0","59.5","60.5","null"
"2022-12-09T12:30:00Z","59.0","58.8","59.4","null"
"2022-12-09T12:15:00Z","58.8","58.5","59.0","null"
"2022-12-09T12:00:00Z","58.9","58.8","59.1","null"
"2022-12-09T11:45:00Z","58.3","57.9","58.8","null"
"2022-12-09T11:30:00Z","57.6","57.5","57.8","null"
"2022-12-09T11:15:00Z","57.6","57.4","57.9","null"
"2022-12-09T11:00:00Z","57.8","57.6","58.0","null"
"2022-12-09T10:45:00Z","57.2","56.9","57.6","null"
"2022-12-09T10:30:00Z","56.7","56.6","56.8","null"
"2022-12-09T10:15:00Z","56.1","55.8","56.5","null"
"2022-12-09T10:00:00Z","56.3","56.2","56.4","null"
"2022-12-09T09:45:00Z","55.8","55.5","56.1","null"
"2022-12-09T09:30:00Z","55.0","54.5","55.4","null"
"2022-12-09T09:15:00Z","54.1","53.8","54.4","null"
"2022-12-09T09:00:00Z","54.5","54.0","54.9","null"
"2022-12-09T08:45:00Z","52.8","51.8","53.9","null"
"2022-12-09T08:30:00Z","51.1","50.5","51.6","null"
"2022-12-09T08:15:00Z","48.2","46.4","50.4","null"
"2022-12-09T08:00:00Z","55.2","47.5","58.8","null"
"2022-12-09T07:45:00Z","56.2","52.9","59.8","null"
"2022-12-09T07:30:00Z","57.7","54.4","61.2","null"
"2022-12-09T07:15:00Z","58.0","54.5","61.1","null"
"2022-12-09T07:00:00Z","57.3","54.5","60.8","null"
"2022-12-09T06:45:00Z","57.3","54.2","60.9","null"
"2022-12-09T06:30:00Z","58.7","56.0","61.9","null"
"2022-12-09T06:15:00Z","58.8","55.6","62.0","null"
"2022-12-09T06:00:00Z","58.2","54.8","61.9","null"
"2022-12-09T05:45:00Z","58.8","55.8","62.7","null"
"2022-12-09T05:30:00Z","59.6","56.2","62.9","null"
"2022-12-09T05:15:00Z","59.7","56.9","62.7","null"
"2022-12-09T05:00:00Z","60.8","57.8","63.9","null"
"2022-12-09T04:45:00Z","61.3","59.1","64.0","null"
"2022-12-09T04:30:00Z","60.6","59.0","62.2","null"
"2022-12-09T04:15:00Z","61.2","58.8","63.9","null"
"2022-12-09T04:00:00Z","61.4","57.8","66.0","null"
"2022-12-09T03:45:00Z","64.2","60.7","66.9","null"
"2022-12-09T03:30:00Z","63.8","61.6","65.9","null"
"2022-12-09T03:15:00Z","64.5","61.6","67.6","null"
"2022-12-09T03:00:00Z","64.7","63.0","66.4","null"
"2022-12-09T02:45:00Z","64.4","62.4","66.3","null"
"2022-12-09T02:30:00Z","64.6","62.6","66.9","null"
"2022-12-09T02:15:00Z","65.4","63.0","67.5","null"
"2022-12-09T02:00:00Z","65.5","62.6","67.8","null"
"2022-12-09T01:45:00Z","65.5","63.0","67.8","null"
"2022-12-09T01:30:00Z","65.8","63.2","67.9","null"
"2022-12-09T01:15:00Z","65.1","62.8","67.9","null"
"2022-12-09T01:00:00Z","65.0","62.7","67.2","null"
"2022-12-09T00:45:00Z","64.9","62.8","67.4","null"
"2022-12-09T00:30:00Z","65.4","62.9","67.9","null"
"2022-12-09T00:15:00Z","65.2","62.9","67.5","null"
"2022-12-09T00:00:00Z","65.5","63.4","67.6","null"
"2022-12-08T23:45:00Z","66.8","63.9","69.3","null"
"2022-12-08T23:30:00Z","68.0","66.1","70.0","null"
"2022-12-08T23:15:00Z","69.5","68.9","70.1","null"
"2022-12-08T23:00:00Z","68.4","68.1","68.8","null"
"2022-12-08T22:45:00Z","68.0","67.5","68.5","null"
"2022-12-08T22:30:00Z","67.6","67.4","67.8","null"
"2022-12-08T22:15:00Z","67.5","67.1","67.9","null"
"2022-12-08T22:00:00Z","66.4","65.8","67.0","null"
"2022-12-08T21:45:00Z","66.1","65.6","66.5","null"
"2022-12-08T21:30:00Z","66.3","66.0","66.6","null"
"2022-12-08T21:15:00Z","66.3","66.1","66.5","null"
"2022-12-08T21:00:00Z","66.6","66.4","66.8","null"
"2022-12-08T20:45:00Z","66.9","66.5","67.2","null"
"2022-12-08T20:30:00Z","65.9","65.4","66.4","null"
"2022-12-08T20:15:00Z","66.0","65.5","66.5","null"
"2022-12-08T20:00:00Z","66.0","65.8","66.2","null"
"2022-12-08T19:45:00Z","65.2","64.8","65.6","null"
"2022-12-08T19:30:00Z","64.2","63.8","64.6","null"
"2022-12-08T19:15:00Z","63.9","63.5","64.5","null"
"2022-12-08T19:00:00Z","64.8","64.6","64.9","null"
"2022-12-08T18:45:00Z","64.7","64.2","65.1","null"
"2022-12-08T18:30:00Z","64.6","64.1","65.0","null"
"2022-12-08T18:15:00Z","64.4","64.0","64.8","null"
"2022-12-08T18:00:00Z","63.0","62.4","63.9","null"
"2022-12-08T17:45:00Z","62.8","62.6","63.0","null"
"2022-12-08T17:30:00Z","62.1","61.8","62.5","null"
"2022-12-08T17:15:00Z","63.0","62.2","63.6","null"
"2022-12-08T17:00:00Z","62.9","62.5","63.2","null"
"2022-12-08T16:45:00Z","63.3","63.0","63.5","null"
"2022-12-08T16:30:00Z","62.4","62.0","62.9","null"
"2022-12-08T16:15:00Z","60.7","59.8","61.9","null"
"2022-12-08T16:00:00Z","60.9","60.2","61.5","null"
"2022-12-08T15:45:00Z","61.6","61.2","61.9","null"
"2022-12-08T15:30:00Z","61.0","60.4","61.6","null"
"2022-12-08T15:15:00Z","61.0","60.6","61.4","null"
"2022-12-08T15:00:00Z","61.6","61.0","62.4","null"
"2022-12-08T14:45:00Z","61.8","61.1","62.5","null"
"2022-12-08T14:30:00Z","61.3","60.8","62.0","null"
"2022-12-08T14:15:00Z","62.5","62.1","62.9","null"
"2022-12-08T14:00:00Z","61.6","61.1","62.1","null"
"2022-12-08T13:45:00Z","62.4","61.4","63.1","null"
"2022-12-08T13:30:00Z","62.6","62.4","62.8","null"
"2022-12-08T13:15:00Z","62.5","62.1","62.9","null"
"2022-12-08T13:00:00Z","63.1","62.8","63.5","null"
"2022-12-08T12:45:00Z","62.2","61.9","62.6","null"
"2022-12-08T12:30:00Z","62.6","61.8","63.2","null"
"2022-12-08T12:15:00Z","62.3","61.5","63.1","null"
"2022-12-08T12:00:00Z","63.3","63.1","63.5","null"
"2022-12-08T11:45:00Z","63.2","63.0","63.4","null"
"2022-12-08T11:30:00Z","62.8","62.4","63.1","null"
"2022-12-08T11:15:00Z","62.2","61.4","63.2","null"
"2022-12-08T11:00:00Z","63.4","63.0","63.8","null"
"2022-12-08T10:45:00Z","62.2","61.5","62.9","null"
"2022-12-08T10:30:00Z","61.1","60.8","61.4","null"
"2022-12-08T10:15:00Z","60.9","60.6","61.2","null"
"2022-12-08T10:00:00Z","61.5","61.1","61.8","null"
"2022-12-08T09:45:00Z","60.6","60.1","61.0","null"
"2022-12-08T09:30:00Z","59.1","58.2","60.0","null"
"2022-12-08T09:15:00Z","58.3","57.9","58.8","null"
"2022-12-08T09:00:00Z","58.1","57.6","58.5","null"
"2022-12-08T08:45:00Z","56.7","55.9","57.5","null"
"2022-12-08T08:30:00Z","56.9","55.8","58.1","null"
"2022-12-08T08:15:00Z","59.7","58.2","60.9","null"
"2022-12-08T08:00:00Z","59.4","58.4","60.4","null"
"2022-12-08T07:45:00Z","57.4","56.2","58.4","null"
"2022-12-08T07:30:00Z","52.8","49.5","56.1","null"
"2022-12-08T07:15:00Z","56.6","49.6","60.9","null"
"2022-12-08T07:00:00Z","58.6","55.3","61.6","null"
"2022-12-08T06:45:00Z","57.2","55.8","58.9","null"
"2022-12-08T06:30:00Z","59.8","56.8","62.8","null"
"2022-12-08T06:15:00Z","58.4","55.1","62.4","null"
"2022-12-08T06:00:00Z","59.0","55.8","62.1","null"
"2022-12-08T05:45:00Z","58.6","55.7","62.1","null"
"2022-12-08T05:30:00Z","59.0","55.8","62.2","null"
"2022-12-08T05:15:00Z","59.4","56.6","62.5","null"
"2022-12-08T05:00:00Z","59.7","56.3","62.8","null"
"2022-12-08T04:45:00Z","59.3","56.2","62.4","null"
"2022-12-08T04:30:00Z","59.9","57.1","62.9","null"
"2022-12-08T04:15:00Z","59.8","59.4","60.1","null"
"2022-12-08T04:00:00Z","60.7","59.5","61.9","null"
"2022-12-08T03:45:00Z","62.9","59.1","66.2","null"
"2022-12-08T03:30:00Z","64.5","62.3","66.9","null"
"2022-12-08T03:15:00Z","64.0","62.0","66.0","null"
"2022-12-08T03:00:00Z","64.9","62.7","67.1","null"
"2022-12-08T02:45:00Z","65.0","62.8","67.2","null"
"2022-12-08T02:30:00Z","65.4","62.9","67.4","null"
"2022-12-08T02:15:00Z","64.5","62.4","66.8","null"
"2022-12-08T02:00:00Z","64.2","62.4","66.9","null"
"2022-12-08T01:45:00Z","64.7","62.8","67.4","null"
"2022-12-08T01:30:00Z","64.1","63.2","65.3","null"
"2022-12-08T01:15:00Z","65.2","63.2","66.9","null"
"2022-12-08T01:00:00Z","64.0","63.4","64.9","null"
"2022-12-08T00:45:00Z","65.1","64.3","66.3","null"
"2022-12-08T00:30:00Z","66.8","66.2","67.4","null"
"2022-12-08T00:15:00Z","66.6","66.2","67.0","null"
"2022-12-08T00:00:00Z","65.2","64.4","66.1","null"
"2022-12-07T23:45:00Z","63.9","63.8","64.2","null"
"2022-12-07T23:30:00Z","63.1","62.5","63.6","null"
"2022-12-07T23:15:00Z","61.8","61.1","62.4","null"
"2022-12-07T23:00:00Z","60.8","60.5","61.0","null"
"2022-12-07T22:45:00Z","59.8","59.1","60.4","null"
"2022-12-07T22:30:00Z","58.2","57.5","59.0","null"
"2022-12-07T22:15:00Z","56.6","55.8","57.4","null"
"2022-12-07T22:00:00Z","55.0","54.4","55.6","null"
"2022-12-07T21:45:00Z","52.9","51.6","54.2","null"
"2022-12-07T21:30:00Z","54.7","51.0","59.4","null"
"2022-12-07T21:15:00Z","56.7","53.9","60.1","null"
"2022-12-07T21:00:00Z","56.8","53.8","60.2","null"
"2022-12-07T20:45:00Z","57.7","54.8","60.8","null"
"2022-12-07T20:30:00Z","58.1","55.6","60.9","null"
"2022-12-07T20:15:00Z","57.5","54.9","60.6","null"
"2022-12-07T20:00:00Z","59.9","58.4","61.6","null"
"2022-12-07T19:45:00Z","60.6","60.3","60.8","null"
"2022-12-07T19:30:00Z","61.5","60.9","62.1","null"
"2022-12-07T19:15:00Z","62.8","62.2","63.4","null"
"2022-12-07T19:00:00Z","63.5","63.4","63.6","null"
"2022-12-07T18:45:00Z","63.8","63.6","63.9","null"
"2022-12-07T18:30:00Z","63.8","63.6","64.1","null"
"2022-12-07T18:15:00Z","63.4","63.3","63.4","null"
"2022-12-07T18:00:00Z","63.8","63.2","64.2","null"
"2022-12-07T17:45:00Z","64.0","63.7","64.3","null"
"2022-12-07T17:30:00Z","63.6","63.1","64.2","null"
"2022-12-07T17:15:00Z","62.4","61.9","62.9","null"
"2022-12-07T17:00:00Z","61.2","60.2","62.4","null"
"2022-12-07T16:45:00Z","62.6","62.4","62.8","null"
"2022-12-07T16:30:00Z","62.1","61.4","62.7","null"
"2022-12-07T16:15:00Z","60.7","60.2","61.3","null"
"2022-12-07T16:00:00Z","60.7","60.3","61.1","null"
"2022-12-07T15:45:00Z","59.4","58.7","60.2","null"
"2022-12-07T15:30:00Z","58.1","57.7","58.6","null"
"2022-12-07T15:15:00Z","57.8","57.4","58.2","null"
"2022-12-07T15:00:00Z","56.9","56.4","57.4","null"
"2022-12-07T14:45:00Z","55.0","53.7","56.3","null"
"2022-12-07T14:30:00Z","50.0","47.3","53.6","null"
"2022-12-07T14:15:00Z","56.6","51.8","60.9","null"
"2022-12-07T14:00:00Z","56.9","54.1","59.7","null"
"2022-12-07T13:45:00Z","57.4","53.9","60.2","null"
"2022-12-07T13:30:00Z","57.6","54.4","60.4","null"
"2022-12-07T13:15:00Z","57.2","54.4","60.4","null"
"2022-12-07T13:00:00Z","56.3","54.2","58.5","null"
"2022-12-07T12:45:00Z","58.5","55.9","61.5","null"
"2022-12-07T12:30:00Z","58.5","55.9","61.8","null"
"2022-12-07T12:15:00Z","58.7","56.4","62.2","null"
"2022-12-07T12:00:00Z","59.3","56.9","61.4","null"
"2022-12-07T11:45:00Z","61.7","58.0","63.5","null"
"2022-12-07T11:30:00Z","63.8","62.0","65.2","null"
"2022-12-07T11:15:00Z","64.8","64.3","65.2","null"
"2022-12-07T11:00:00Z","64.8","64.4","65.2","null"
"2022-12-07T10:45:00Z","66.1","64.7","67.1","null"
"2022-12-07T10:30:00Z","65.9","65.7","66.2","null"
"2022-12-07T10:15:00Z","65.8","65.2","66.3","null"
"2022-12-07T10:00:00Z","64.1","63.2","65.1","null"
"2022-12-07T09:45:00Z","62.2","61.3","63.1","null"
"2022-12-07T09:30:00Z","60.6","60.1","61.2","null"
"2022-12-07T09:15:00Z","59.8","59.1","60.3","null"
"2022-12-07T09:00:00Z","58.1","57.3","58.9","null"
"2022-12-07T08:45:00Z","56.1","54.9","57.2","null"
"2022-12-07T08:30:00Z","54.1","53.3","54.8","null"
"2022-12-07T08:15:00Z","50.5","48.6","53.2","null"
"2022-12-07T08:00:00Z","55.6","50.8","61.3","null"
"2022-12-07T07:45:00Z","57.7","52.9","60.2","null"
"2022-12-07T07:30:00Z","59.2","57.0","61.8","null"
"2022-12-07T07:15:00Z","60.9","57.8","65.1","null"
"2022-12-07T07:00:00Z","64.5","61.7","67.2","null"
"2022-12-07T06:45:00Z","64.3","61.6","66.6","null"
"2022-12-07T06:30:00Z","64.9","62.4","66.9","null"
"2022-12-07T06:15:00Z","64.5","62.4","67.2","null"
"2022-12-07T06:00:00Z","64.7","62.6","66.9","null"
"2022-12-07T05:45:00Z","64.4","62.2","67.0","null"
"2022-12-07T05:30:00Z","64.9","62.8","67.1","null"
"2022-12-07T05:15:00Z","65.0","63.1","66.9","null"
"2022-12-07T05:00:00Z","65.3","63.0","67.4","null"
"2022-12-07T04:45:00Z","65.4","63.1","67.4","null"
"2022-12-07T04:30:00Z","64.7","62.7","66.6","null"
"2022-12-07T04:15:00Z","64.7","62.8","67.5","null"
"2022-12-07T04:00:00Z","64.4","62.1","67.4","null"
"2022-12-07T03:45:00Z","64.1","62.1","66.3","null"
"2022-12-07T03:30:00Z","64.8","63.1","66.6","null"
"2022-12-07T03:15:00Z","65.2","63.0","67.1","null"
"2022-12-07T03:00:00Z","65.3","62.8","67.4","null"
"2022-12-07T02:45:00Z","65.1","62.9","67.2","null"
"2022-12-07T02:30:00Z","64.9","62.6","66.9","null"
"2022-12-07T02:15:00Z","64.8","62.9","67.1","null"
"2022-12-07T02:00:00Z","65.0","63.1","66.8","null"
"2022-12-07T01:45:00Z","64.9","63.1","67.2","null"
"2022-12-07T01:30:00Z","65.3","63.1","67.2","null"
"2022-12-07T01:15:00Z","65.7","64.1","67.2","null"
